,Title,Event Number,Report Count,Event Date,Newsroom,Description,Detailed Description,Short Introduction,Risk to Human Rights,instances with privacy violations,privacy sensitivity,privacy violations severity,instances with injustice to rights,Severity of injustice,instances involving vulnerable groups,emotional and psychological harm,vulnerable groups affected,cases where harm is reversible,affected by challenges to self-identity and values,Severity of emotional and psychological harm,instances where the harm persists,Physical harm,Severity of Physical harm ,instances where the physical harm persists,cases where the physical harm is reversible,instances where the harm is easily detectable,Economic loss,instances where economic losses persist,the severity of economic impact,extent of impact is fixed,affected individuals,affected local population,global implications,Whether humans can be replaced,Whether there is a law to regulate,AI-based specificity,cases affected by untimely data training and maintenance,cases affected by opaque and recurring weak capacities,cases affected due to limitations of traditional supervisory methods,lifecycle time period-planning and design,lifecycle time period-collection and processing data,lifecycle time period-building usage model,lifecycle time period-verification and verification,lifecycle time period-deployment ,lifecycle time period-Operation and Monitoring,lifecycle time period-End User Use and Impact,Geographical Attributes-Timeliness,Geographical Attributes-Accuracy,Data Production Process -Acquisition,Data Production Process-Preprocessing,Data Production Process-Integration,Data Production Process-Storage and Management,Data Production Process-Analysis and Processing,Data Production Process-Application Communication
0,仓库机器人打破熊喷雾罐并伤害工人,2个,17,2018-12-05,肖恩麦格雷戈,描述：新泽西州的 24 名亚马逊员工因机器人刺破仓库中的一罐防熊喷雾剂而住院。,2018 年 12 月 5 日，一个机器人在新泽西州罗宾斯维尔的亚马逊运营中心刺穿了一罐防熊喷雾。亚马逊的发言人表示，“一台自动机器刺穿了一罐 9 盎司的熊驱虫剂。”被刺破的罐头会释放辣椒素，这是一种刺激物，进入空气中。数十名工人暴露在烟雾中，导致呼吸困难以及眼睛和喉咙有灼烧感等症状。 24名工人住院，1人被送往重症监护室并插管。,新泽西州的 24 名亚马逊员工在一个机器人刺穿仓库中的一罐防熊喷雾剂后住院。,False,False,Potential hazard with zero or negligible risk,Potential hazard with zero or negligible risk,False,Potential hazard with zero or negligible risk,False,False,False,False,False,Potential hazard with zero or negligible risk,False,True,Unsustainable Potential Damage,True,False,True,True,True,Routine or Significant Potential Damage,True,False,True,False,True,True,True,True,False,False,True,True,True,True,True,True,True,False,True,False,False,True,False,True,True
1,机动特性增强系统 (MCAS) 发生碰撞,3个,19,2018-10-27,肖恩麦格雷戈,描述：一架波音 737 坠入大海，造成 189 人遇难，原因是传感器数据错误导致自动操纵系统反复将飞机机头向下推。,,,False,False,Potential hazard with zero or negligible risk,Potential hazard with zero or negligible risk,False,Potential hazard with zero or negligible risk,False,True,False,False,False,Unsustainable Potential Damage,True,True,Unsustainable Potential Damage,True,False,True,True,True,Unsustainable Potential Damage,True,False,True,False,False,False,False,False,False,False,True,False,False,True,True,True,True,False,True,True,True,False,False,True,False
2,Uber AV 在亚利桑那州撞死行人,4个,25,2018-03-18,肖恩·麦格雷戈，柯林,描述：在亚利桑那州坦佩，一辆处于自动驾驶模式的优步自动驾驶汽车 (AV) 撞死了一名行人。,,,False,False,Potential hazard with zero or negligible risk,Potential hazard with zero or negligible risk,False,Potential hazard with zero or negligible risk,False,False,False,False,False,Potential hazard with zero or negligible risk,False,True,Unsustainable Potential Damage,True,False,True,True,True,Unsustainable Potential Damage,True,True,False,False,False,False,True,True,False,False,True,True,True,True,False,False,True,False,True,True,True,True,False,True,False
3,优步自动驾驶汽车闯红灯,8个,10,2014-08-15,肖恩麦格雷戈,描述：配备自动驾驶闯红灯技术的优步车辆在旧金山街头进行测试。,在加利福尼亚州旧金山街头的试点项目中，Uber 的自动驾驶汽车曾两次闯红灯。目击者克里斯托弗·科夫 (Christoper Koff) 报告说，他看到启用人工智能的沃尔沃 XC90 SUV 在红灯变红三秒后通过了红灯，而行人正在人行横道上。没有受伤或碰撞。优步否认这是系统错误的说法，理由是人为操作失误并暂停了司机的工作。两名优步员工向纽约时报报告称，故障出在人工智能系统上。,配备自动驾驶闯红灯技术的优步车辆在旧金山街头进行测试。,False,False,Potential hazard with zero or negligible risk,Potential hazard with zero or negligible risk,False,Potential hazard with zero or negligible risk,False,False,False,False,False,Potential hazard with zero or negligible risk,False,True,some potential damage,False,True,True,False,False,Potential hazard with zero or negligible risk,True,False,True,False,True,False,True,True,False,False,False,False,True,True,True,True,True,False,False,True,True,True,False,True,False
4,特斯拉 Autopilot 涉及的撞车事故合集,20,22,2016-06-30,肖恩麦格雷戈,描述：在使用特斯拉的自动驾驶仪时，发生了多起无关的车祸，造成了不同程度的伤害。,在使用特斯拉的自动驾驶模式时，发生了多起不相关的车祸，造成不同程度的伤害。自动驾驶汽车的驾驶能力从完全人为控制到完全自主，允许系统控制速度、方向、加速、减速和变道。在大多数情况下，驾驶员会在碰撞前收到警告，提醒人类驾驶员需要进行干预。,在使用特斯拉的自动驾驶仪时，发生了多起无关的车祸，造成了不同程度的伤害。,False,False,Potential hazard with zero or negligible risk,Potential hazard with zero or negligible risk,False,Potential hazard with zero or negligible risk,False,False,False,False,False,Potential hazard with zero or negligible risk,False,True,Routine or Significant Potential Damage,True,True,True,True,False,Routine or Significant Potential Damage,True,False,True,False,False,False,True,True,False,False,False,False,True,True,True,True,True,False,False,True,True,True,False,True,False
5,Waze 引导驾车者进入野火,22,22,2017-12-06,肖恩麦格雷戈,描述：Waze 是 Google 旗下的一款导航应用程序，它在加州司机试图撤离该地区时将其引导到 2017 年的 Skirball 野火中。,2017 年 12 月下旬，谷歌旗下的导航应用程序 Waze 将司机送往受洛杉矶 Skirball 野火影响的地区。该应用程序会查看当前的交通模式，并建议避免严重拥堵的路线。在针对这些火灾实施的大规模疏散的情况下，疏散路线上出现拥堵，导致该应用程序将司机引向空旷的道路。这些道路空无一人，因为该地区着火且无法通行。 Waze/谷歌工程师通常与交通部门合作改变交通模式以增强其方向，但是在快速发展的紧急情况下，该应用程序无法提供安全的驾驶方向。,Waze 是谷歌旗下的一款导航应用程序，它在加州司机试图撤离该地区时将他们带入了 2017 年发生的 Skirball 野火。,False,False,Potential hazard with zero or negligible risk,Potential hazard with zero or negligible risk,False,Potential hazard with zero or negligible risk,False,True,False,True,False,some potential damage,False,True,Routine or Significant Potential Damage,False,True,True,True,False,some potential damage,True,False,True,False,False,False,True,True,False,False,False,False,True,True,True,True,True,True,True,False,False,False,True,True,True
6,拉斯维加斯自驾巴士卷入事故,23,24,2017-11-08,肖恩·麦格雷戈，柯林,描述：Keolis North America 和 Navya 的自动驾驶公共班车在服务的第一天在内华达州拉斯维加斯与一辆人力驾驶的送货卡车相撞。,拉斯维加斯的一辆自动驾驶班车在首次发布后几个小时就与车上的乘客发生了碰撞。由 Keolis North America 公司开发的 Navya Arma 模型穿梭车由一辆人力驾驶的运货卡车送入。自动驾驶穿梭车准确地检测到后备卡车并停止前进，但没有倒退以避免碰撞。送货卡车司机被罚单。,由 Keolis North America 开发的自动驾驶公共班车在内华达州拉斯维加斯与一辆人力驾驶的送货卡车发生碰撞。,False,False,Potential hazard with zero or negligible risk,Potential hazard with zero or negligible risk,False,Potential hazard with zero or negligible risk,False,False,False,False,False,Potential hazard with zero or negligible risk,False,True,some potential damage,False,True,True,True,False,Routine or Significant Potential Damage,True,True,False,False,True,False,True,False,False,True,False,False,True,True,True,True,False,False,False,True,True,True,False,True,False
7,两辆自动驾驶汽车之间的碰撞,25,11,2015-05-11,肖恩麦格雷戈,描述：据称谷歌自动驾驶汽车在路试中与德尔福自动驾驶汽车发生碰撞，但德尔福汽车感应到并避免与谷歌汽车相撞。,一辆谷歌自动驾驶汽车在加利福尼亚州硅谷与一辆德尔福自动驾驶汽车相撞。德尔福发言人首先在两辆车都按其应有的方式行事的情况下报告了这起事故。德尔福汽车感应到谷歌汽车接近它打算并入的车道，因此终止了德尔福汽车的车道变换，直到安全为止。谷歌同意这一说法。德尔福后来修改了他们的声明，称“车辆甚至没有那么靠近彼此”。,据称，一辆谷歌自动驾驶汽车在路试中与德尔福自动驾驶汽车发生碰撞，但德尔福汽车感应到并避免了与谷歌汽车的碰撞。,False,False,Potential hazard with zero or negligible risk,Potential hazard with zero or negligible risk,False,Potential hazard with zero or negligible risk,False,False,False,False,False,Potential hazard with zero or negligible risk,False,True,some potential damage,False,False,True,True,False,some potential damage,True,True,False,False,False,False,True,True,False,False,False,False,True,True,True,True,False,False,False,True,True,True,False,True,False
8,德里的无人驾驶火车因制动失灵而坠毁,31,29,2017-12-03,肖恩麦格雷戈,描述：印度德里的一列无人驾驶地铁列车在试运行期间因刹车失灵而坠毁。,印度德里的一列无人驾驶地铁列车在试运行期间因刹车失灵而坠毁。这列火车由 Huandai Rotem 开发，由德里地铁公司管理，在向公众开放前六天进行了测试，当时它未能在轨道尽头停下来，穿过一堵墙。没有人受伤。 DMRC 解雇了四名员工，因为他们在测试前忽略了检查制动系统。,印度德里的一列无人驾驶地铁列车在试运行期间因刹车失灵而坠毁。,False,False,Potential hazard with zero or negligible risk,Potential hazard with zero or negligible risk,False,Potential hazard with zero or negligible risk,False,True,False,False,False,serious potential Damage,True,True,serious potential Damage,True,False,True,True,False,Unsustainable Potential Damage,True,False,True,False,True,False,False,False,False,False,False,False,True,True,False,False,False,False,False,True,True,True,False,True,False
9,特斯拉自动驾驶仪在佛罗里达州看电影时撞死司机,52,29,2016-07-01,肖恩麦格雷戈,描述：一辆自动驾驶的特斯拉 Model S 在佛罗里达州威利斯顿的 US 27A 高速公路上撞上一辆白色铰接式拖拉机拖车，导致司机死亡。,一辆自动驾驶的特斯拉 Model S 在佛罗里达州威利斯顿的 US 27A 高速公路上撞上一辆铰接式拖拉机拖车，司机约书亚·布朗 (Joshua Brown) 丧生。拖车在迎面驶来的特斯拉前方左转，特斯拉自动驾驶系统在明亮的天空下无法检测到白色拖车。巡航控制设置为 74 英里/小时，并且在碰撞前没有减速。在 37 分钟的行程中，司机将手放在方向盘上 25 秒，并且在碰撞发生时正在看哈利波特电影。碰撞前，司机收到 6 次声音警告，称他的手离开方向盘时间过长。,一辆自动驾驶的特斯拉 Model S 在佛罗里达州威利斯顿的 US 27A 高速公路上撞上一辆白色铰接式拖拉机拖车，导致司机死亡。,False,False,Potential hazard with zero or negligible risk,Potential hazard with zero or negligible risk,False,Potential hazard with zero or negligible risk,False,False,False,False,False,Potential hazard with zero or negligible risk,False,True,Unsustainable Potential Damage,True,False,True,True,True,Unsustainable Potential Damage,True,True,False,False,False,False,True,True,True,False,False,True,True,True,True,True,False,False,False,False,False,False,False,True,False
10,特斯拉自动驾驶仪上睡觉的司机,67,24,2018-12-01,肖恩麦格雷戈,描述：一辆 Tesla Model S 在由一名醉酒、睡着的操作员操作时保持自动驾驶，他的手没有放在方向盘上。警察不得不在车辆前面减速以激活其“驾驶员辅助”功能，从而使汽车减速。,2018 年 11 月，一辆特斯拉 Model S 在加州高速公路上以 70 英里/小时的速度继续自动驾驶，尽管驾驶员的手没有放在方向盘上，这是启用自动驾驶系统的要求。加州公路巡逻队无法叫醒司机，不得不在特斯拉前面行驶了大约 7 分钟，以激活其“驾驶员辅助”功能并将车辆减速至停下来。据称司机当时正在睡觉，他的血液酒精含量是法定上限的两倍。,一辆特斯拉 Model S 由一名醉酒、睡着的操作员操作，他的手没有放在方向盘上，但仍处于自动驾驶状态。警察不得不在车辆前面减速以激活其“驾驶员辅助”功能，从而使汽车减速。,False,False,Potential hazard with zero or negligible risk,Potential hazard with zero or negligible risk,False,Potential hazard with zero or negligible risk,False,False,False,False,False,Potential hazard with zero or negligible risk,False,True,Routine or Significant Potential Damage,True,False,True,False,False,Potential hazard with zero or negligible risk,True,True,False,False,False,False,True,True,True,True,False,False,False,False,False,False,True,False,True,True,True,True,False,True,False
11,安保机器人在喷泉中溺水身亡,68,30,2017-07-17,肖恩麦格雷戈,描述：Knightscope K5 安全机器人自行冲入华盛顿特区的一个喷泉。,华盛顿特区一栋办公楼里的一个机器人跑进了一个喷泉。这款名为 Knightscope K5 的机器人是作为安全机器人开发的，它使用面部识别和各种传感器来检测罪犯。机器人掉进喷泉的原因尚不清楚。,一个 Knightscope K5 安全机器人跑进了华盛顿特区的一个喷泉。,False,False,Potential hazard with zero or negligible risk,Potential hazard with zero or negligible risk,False,Potential hazard with zero or negligible risk,False,True,False,True,False,some potential damage,False,False,Potential hazard with zero or negligible risk,False,False,False,True,False,Routine or Significant Potential Damage,True,True,False,True,True,False,True,True,False,False,False,False,True,True,False,True,False,False,False,True,False,False,False,False,False
12,冬季自动驾驶汽车,70,4个,2016-02-10,肖恩·麦格雷戈，柯林,描述：沃尔沃自动驾驶XC90 SUV在瑞典Jokkmokk遇到了问题，当时用于自动驾驶的传感器在冬天结冰，导致它们无法使用。,沃尔沃自动驾驶 XC90 SUV 在瑞典 Jokkmokk 遇到了问题，当时用于自动驾驶的传感器在冬天结冰，导致它们无法使用。作为回应，沃尔沃将传感器移到了挡风玻璃后面，这样挡风玻璃刮水器就可以在冬季擦去冰雪。,沃尔沃自动驾驶 XC90 SUV 在瑞典 Jokkmokk 遇到了问题，当时用于自动驾驶的传感器在冬天结冰，导致它们无法使用。,False,False,Potential hazard with zero or negligible risk,Potential hazard with zero or negligible risk,False,Potential hazard with zero or negligible risk,False,False,False,False,False,Potential hazard with zero or negligible risk,False,False,Potential hazard with zero or negligible risk,False,False,False,False,False,Potential hazard with zero or negligible risk,True,False,True,False,False,False,False,False,False,False,False,False,True,False,False,False,False,False,False,True,True,True,False,True,False
13,谷歌承认其自动驾驶汽车犯了错误,71,28,2016-09-26,肖恩·麦格雷戈，柯林,描述：2016 年 2 月 14 日，一辆谷歌自动驾驶测试车在谷歌家乡加利福尼亚州山景城的 El Camino Real 上与一辆公共汽车发生低速碰撞，部分责任归咎于此。,2016 年 2 月 14 日，一辆谷歌自动驾驶测试车在谷歌家乡加利福尼亚州山景城与一辆公共汽车发生低速碰撞。这辆自动驾驶汽车是一辆雷克萨斯 RX450h SUV，它试图通过向 El Camino Real 一条宽车道的中间并入来绕过障碍物，而一辆公共汽车正从后面驶来。汽车及其测试司机预计公交车会减速并允许并道，但公交车继续行驶，显然没有预料到自动驾驶汽车会尝试并道，从而导致低速碰撞。在一份公开声明中，谷歌承认该事件有部分过错，并更新了他们的软件，假设大型车辆不太可能让路。,2016 年 2 月 14 日，一辆谷歌自动驾驶测试车在谷歌家乡加利福尼亚州山景城的 El Camino Real 上与一辆公共汽车发生低速碰撞，部分责任归咎于此。,False,False,Potential hazard with zero or negligible risk,Potential hazard with zero or negligible risk,False,Potential hazard with zero or negligible risk,False,False,False,False,False,Potential hazard with zero or negligible risk,False,True,some potential damage,False,True,True,True,False,Routine or Significant Potential Damage,True,False,True,False,True,True,True,True,False,False,False,True,True,True,False,False,False,False,False,True,True,False,False,True,False
14,特斯拉 Autopilot 将旗帜上的红色字母误认为是红色交通灯,97,1个,2020-10-22,肖恩·麦格雷戈，柯林,描述：一辆特斯拉 Model 3 将竖写“COOP”的旗帜误认为是交通灯。,,,False,False,Potential hazard with zero or negligible risk,Potential hazard with zero or negligible risk,False,Potential hazard with zero or negligible risk,False,False,False,False,False,Potential hazard with zero or negligible risk,False,False,Potential hazard with zero or negligible risk,False,False,False,False,False,Potential hazard with zero or negligible risk,True,False,True,False,False,False,True,True,True,False,False,False,True,True,False,True,False,False,False,False,False,True,False,True,False
15,自动驾驶的特斯拉 Model 3 撞上了一辆福特探索者皮卡，在加利福尼亚杀死了一名 15 岁的孩子,105,1个,2019-08-24,肖恩·麦格雷戈，柯林,描述：一辆处于自动驾驶模式的特斯拉 Model 3 在加州高速公路上撞上了一辆皮卡车，该公司的数据和视频显示，直到撞车前几秒，自动驾驶模式和司机都没有让车辆减速。,,,False,False,Potential hazard with zero or negligible risk,Potential hazard with zero or negligible risk,False,,False,True,False,False,False,Routine or Significant Potential Damage,True,True,Unsustainable Potential Damage,True,False,True,True,True,serious potential Damage,True,True,False,False,False,False,True,True,False,True,False,False,False,True,False,True,False,False,False,False,False,True,False,True,False
16,据报道，自动驾驶的特斯拉轿车在华盛顿驶过分隔路缘，导致轻微车辆损坏,128,2个,2017-08-01,肖恩·麦格雷戈，柯林,描述：在华盛顿州雷德蒙德，一辆以自动驾驶模式运行的特斯拉轿车无法在道路中央行驶，驶过黄色的分隔路缘，对车辆的后悬架造成轻微损坏。,,,False,False,Potential hazard with zero or negligible risk,Potential hazard with zero or negligible risk,False,Potential hazard with zero or negligible risk,False,True,False,True,False,some potential damage,True,False,Potential hazard with zero or negligible risk,False,False,False,True,True,Routine or Significant Potential Damage,True,True,False,False,False,False,True,True,False,True,False,False,True,True,False,True,False,False,True,True,True,True,False,True,False
17,中国商场机器人从自动扶梯上掉下来，撞倒乘客,134,2个,2020-12-25,肖恩·麦格雷戈，柯林,描述：视频显示福州中方万宝路商场部署的导购机器人涉嫌自行走向自动扶梯，摔倒撞倒乘客，导致其停运。,,,False,False,Potential hazard with zero or negligible risk,Potential hazard with zero or negligible risk,False,Potential hazard with zero or negligible risk,False,False,False,False,False,Potential hazard with zero or negligible risk,False,True,Routine or Significant Potential Damage,True,False,True,True,True,Routine or Significant Potential Damage,True,True,False,False,False,False,True,True,False,False,False,False,True,True,True,True,True,False,True,True,True,False,False,True,False
18,特斯拉的自动驾驶仪将月亮误认为是黄色停车灯,145,3个,2021-07-23,肖恩·麦格雷戈，柯林,描述：特斯拉的 Autopilot 在视频中显示其所有者将月亮误认为是黄色停车灯，据称导致车辆不断减速。,,,False,False,Potential hazard with zero or negligible risk,Potential hazard with zero or negligible risk,False,Potential hazard with zero or negligible risk,False,False,False,False,False,Potential hazard with zero or negligible risk,False,False,Potential hazard with zero or negligible risk,False,False,False,True,True,some potential damage,True,False,True,False,False,False,True,True,False,False,False,False,True,True,False,True,False,False,True,True,True,False,False,True,False
19,加利福尼亚州监管机构在非致命碰撞后暂停了 Pony.ai 的无人驾驶测试许可证,151,10,2021-10-28,肖恩·麦格雷戈，柯林,描述：一辆以自动模式运行的 Pony.ai 车辆在旧金山撞上了中央分隔线和交通标志，促使监管机构暂停了该初创公司的无人驾驶测试许可证。,,,False,False,Potential hazard with zero or negligible risk,Potential hazard with zero or negligible risk,False,Potential hazard with zero or negligible risk,False,False,False,False,False,Potential hazard with zero or negligible risk,False,True,some potential damage,True,False,True,True,True,Routine or Significant Potential Damage,True,True,False,False,False,False,True,True,True,True,False,True,True,True,True,False,False,False,False,True,True,True,False,True,False
20,自动驾驶仪上的特斯拉司机闯红灯，撞上一辆汽车并在洛杉矶杀死两人,153,4个,2019-12-29,夸林,描述：据报道，2019 年，一名处于自动驾驶模式的特斯拉 Model S 司机在洛杉矶加迪纳闯红灯并撞上一辆本田思域，造成两人死亡。,,,False,False,Potential hazard with zero or negligible risk,Potential hazard with zero or negligible risk,False,Potential hazard with zero or negligible risk,False,True,False,False,False,Unsustainable Potential Damage,True,True,Unsustainable Potential Damage,False,False,True,True,False,Unsustainable Potential Damage,True,True,False,False,False,False,True,False,False,True,True,True,True,True,True,True,False,True,True,False,False,False,True,False,True
21,谷歌地图据称在冬季风暴期间将内华达山脉的旅行者引导至危险的道路,155,2个,2021-12-27,肖恩·麦格雷戈，柯林,描述：据称在暴风雪期间，谷歌地图将太浩湖旅行者引导至山区的危险捷径。,,,False,False,Potential hazard with zero or negligible risk,Potential hazard with zero or negligible risk,False,Potential hazard with zero or negligible risk,False,True,False,True,False,Routine or Significant Potential Damage,True,True,Routine or Significant Potential Damage,False,False,True,False,False,Potential hazard with zero or negligible risk,True,True,False,False,False,False,True,True,False,True,False,True,True,True,False,True,False,False,True,True,False,False,True,False,False
22,特斯拉自动驾驶仪的车道识别据称容易受到对抗性攻击,159,1个,2019-03-29,肖恩·麦格雷戈，柯林,描述：腾讯科恩安全实验室对特斯拉的 Autopilot 系统进行了安全研究，发现精心制作的对抗样本和通过无线游戏手柄进行远程控制是其系统的漏洞，尽管该公司质疑它们在现实世界中的实用性。此事件已降级为问题，因为它不符合当前的摄取标准。,,,False,False,Potential hazard with zero or negligible risk,Potential hazard with zero or negligible risk,False,Potential hazard with zero or negligible risk,False,False,False,False,False,Potential hazard with zero or negligible risk,False,True,some potential damage,True,False,False,False,False,Potential hazard with zero or negligible risk,True,False,True,False,False,False,True,True,True,True,True,False,True,True,False,False,False,False,False,False,False,True,False,True,False
23,据称 Cruise 自动驾驶出租车在旧金山被拦下后被警察拦下,175,5个,2022-04-01,肖恩·麦格雷戈，柯林,描述：一辆由 Cruise 驾驶的自动雪佛兰 Bolt 在旧金山被拦下，据报道，当警察试图与汽车交战时，它突然熄火，再次靠边停车，并在路边更远的地方打开危险警示灯.,,,False,False,Potential hazard with zero or negligible risk,Potential hazard with zero or negligible risk,False,Potential hazard with zero or negligible risk,False,False,False,False,False,Potential hazard with zero or negligible risk,False,True,some potential damage,False,True,False,False,False,Potential hazard with zero or negligible risk,True,True,False,False,True,False,True,True,True,True,False,False,True,True,False,True,False,False,True,True,True,True,False,True,False
24,Starship 的自动送餐机器人据称被困在俄勒冈州的铁路道口，被货运列车碾过,176,1个,2022-03-02,肖恩·麦格雷戈，柯林,描述：据报道，俄勒冈州立大学部署的 Starship 送餐机器人未能通过铁路，因此被困，最终被迎面而来的货运列车撞倒。,,,False,False,Potential hazard with zero or negligible risk,Potential hazard with zero or negligible risk,False,Potential hazard with zero or negligible risk,False,False,False,False,False,Potential hazard with zero or negligible risk,False,True,some potential damage,False,True,True,True,False,Routine or Significant Potential Damage,True,True,False,False,False,False,True,True,False,True,False,False,True,True,True,True,True,False,False,True,True,True,False,True,False
25,特斯拉车主启动“智能召唤”功能，在华盛顿机场与飞机相撞,178,8个,2022-04-21,肖恩·麦格雷戈，柯林,描述：视频显示一辆特斯拉 Model Y 在华盛顿州斯波坎市慢慢撞上一架 Vision Jet，据称是因为车主激活了“智能召唤”功能。,,,False,False,Potential hazard with zero or negligible risk,Potential hazard with zero or negligible risk,False,Potential hazard with zero or negligible risk,False,False,False,False,False,Potential hazard with zero or negligible risk,False,True,some potential damage,False,True,True,True,False,Routine or Significant Potential Damage,True,True,False,False,False,False,True,True,False,True,False,False,True,True,True,True,False,False,False,True,True,True,False,True,False
26,宝马轿车禁止左转，与巡航自动驾驶汽车相撞,181,2个,2022-02-11,肖恩·麦格雷戈，柯林,描述：据报道，一辆 BMW 轿车非法左转，与一辆以自主模式运行的 Cruise 自动驾驶汽车 (AV) 发生轻微碰撞，但无人受伤。,,,False,False,Potential hazard with zero or negligible risk,Potential hazard with zero or negligible risk,False,Potential hazard with zero or negligible risk,False,False,False,False,False,Potential hazard with zero or negligible risk,False,True,some potential damage,False,True,True,True,True,Routine or Significant Potential Damage,True,True,False,False,True,False,True,True,False,True,False,False,False,True,True,True,False,False,False,True,True,True,False,True,False
27,两辆巡航自动驾驶汽车在加州相撞,182,2个,2018-06-11,肖恩·麦格雷戈，柯林,描述：在旧金山，一辆自动驾驶的 Cruise 雪佛兰 Bolt 与另一辆由 Cruise 员工驾驶的 Cruise 车辆相撞，造成车辆轻微磨损，但没有造成人员伤亡。,,,False,False,Potential hazard with zero or negligible risk,Potential hazard with zero or negligible risk,False,Potential hazard with zero or negligible risk,False,False,False,False,False,Potential hazard with zero or negligible risk,False,True,some potential damage,False,True,True,True,True,Routine or Significant Potential Damage,True,True,False,False,True,False,True,True,False,True,False,False,False,True,True,True,False,False,False,True,False,False,False,False,False
28,YouTuber 在自动驾驶模式下测试特斯拉，与街道塔相撞,187,3个,2022-02-04,肖恩·麦格雷戈，柯林,描述：一名曾是特斯拉员工的 YouTuber 对特斯拉的全自动驾驶 (FSD) Beta 进行了路测，展示了其在圣何塞各种道路环境中的导航以及在 Autopilot 期间与护柱的碰撞，据称导致他被公司解雇.,,,False,False,Potential hazard with zero or negligible risk,Potential hazard with zero or negligible risk,False,Potential hazard with zero or negligible risk,False,False,False,False,False,Potential hazard with zero or negligible risk,False,True,Routine or Significant Potential Damage,True,False,True,False,False,Potential hazard with zero or negligible risk,True,True,False,False,False,False,True,True,True,False,False,False,True,True,False,True,False,False,False,False,False,False,False,True,True
29,特斯拉幻影刹车投诉激增，据称与特斯拉愿景的推出有关,208,8个,2021-05-01,夸林,描述：2021 年底，特斯拉车主向美国国家公路交通安全管理局投诉突然意外自动刹车的投诉迅速增加，恰逢其 Model 3 和 Model Y 车辆不再配备雷达。,,,False,False,Potential hazard with zero or negligible risk,Potential hazard with zero or negligible risk,False,Potential hazard with zero or negligible risk,False,False,False,False,False,Potential hazard with zero or negligible risk,False,True,serious potential Damage,False,False,True,False,False,Potential hazard with zero or negligible risk,True,False,True,False,False,False,True,True,True,False,True,False,True,True,False,False,True,False,False,True,True,True,False,True,False
30,特斯拉禁用了与“激进”驾驶模式相关的“滚动停止”功能,209,5个,2020-10-20,夸林,描述：通过特斯拉固件更新发布的“激进”全自动驾驶 (FSD) 配置文件中的“滚动停止”功能被召回并禁用。,,,False,False,Potential hazard with zero or negligible risk,Potential hazard with zero or negligible risk,False,Potential hazard with zero or negligible risk,False,False,False,False,False,Potential hazard with zero or negligible risk,False,True,some potential damage,False,False,True,False,False,Potential hazard with zero or negligible risk,True,False,True,False,False,False,True,False,True,False,True,False,False,True,True,True,True,False,False,True,True,True,False,True,False
31,特斯拉出租车在巴黎卷入一起事故造成二十人受伤,211,7,2021-12-11,夸林,描述：在巴黎，大约 20 人在涉及特斯拉 Model 3 出租车的事故中受伤，据报道这是由突然的意外加速 (SUA) 事件和制动问题引起的。,,,False,False,Potential hazard with zero or negligible risk,Potential hazard with zero or negligible risk,False,Potential hazard with zero or negligible risk,False,False,False,False,False,Potential hazard with zero or negligible risk,False,True,serious potential Damage,False,False,True,True,True,Routine or Significant Potential Damage,True,False,True,False,False,False,True,False,True,True,True,False,True,True,True,True,True,False,True,False,False,False,True,False,True
32,自动驾驶的特斯拉在台湾高速公路上撞上翻车,218,3个,2020-06-01,夸林,描述：在台湾的一条高速公路上，据报道在自动驾驶模式下运行的特斯拉轿车撞上了一辆翻倒的大卡车，几乎没有撞到一个行人。,,,False,False,Potential hazard with zero or negligible risk,Potential hazard with zero or negligible risk,False,Potential hazard with zero or negligible risk,False,False,False,False,False,Potential hazard with zero or negligible risk,False,True,Routine or Significant Potential Damage,False,False,True,True,False,Routine or Significant Potential Damage,True,False,True,False,True,False,True,False,False,True,True,True,True,True,False,True,False,True,True,False,False,False,True,False,True
33,一名道路工程师在涉及自动驾驶仪的特斯拉的碰撞后丧生,221,2个,2022-03-07,夸林,描述：在台湾，一辆自动驾驶模式下的特斯拉Model 3，司机没有注意道路，与一辆修路车相撞；一位道路工程师立即在特斯拉车前放置了碰撞警告，但很快就被一辆宝马撞死，因为司机没有看到标志而撞上了事故。,,,False,False,Potential hazard with zero or negligible risk,Potential hazard with zero or negligible risk,False,Potential hazard with zero or negligible risk,False,False,False,False,False,Potential hazard with zero or negligible risk,False,True,Unsustainable Potential Damage,False,False,True,True,True,Unsustainable Potential Damage,True,True,False,False,False,False,True,True,True,True,False,False,False,False,True,True,True,True,True,False,False,False,True,False,True
34,Waze 涉嫌堵塞街道并指示司机做出不安全的交通决定,226,3个,2015-04-01,夸林,描述：多年来，Waze 试图缩短出行时间，据称造成了更多的交通拥堵，并引导司机做出不安全且通常未经允许的交通决定，洛杉矶市议会的一名成员将其描述为对公共安全的威胁.,,,False,False,Potential hazard with zero or negligible risk,Potential hazard with zero or negligible risk,False,Potential hazard with zero or negligible risk,False,False,False,False,False,Potential hazard with zero or negligible risk,False,False,Potential hazard with zero or negligible risk,False,False,False,True,False,Routine or Significant Potential Damage,True,False,True,False,True,False,True,True,False,True,False,True,True,True,True,True,True,False,False,True,True,True,False,True,False
35,据称 Waze 应用程序导致游客的汽车最终停在佛蒙特州尚普兰湖,227,3个,2018-01-12,夸林,描述：驾车经过佛蒙特州的游客指责 Waze 将他们引导到尚普兰湖的一艘小船，当司机在黑暗和大雾的天气中意识到他们的位置时，促使车辆滑入水中。,,,False,False,Potential hazard with zero or negligible risk,Potential hazard with zero or negligible risk,False,Potential hazard with zero or negligible risk,False,False,False,False,False,Potential hazard with zero or negligible risk,False,True,serious potential Damage,True,False,False,True,True,serious potential Damage,True,True,False,False,False,False,True,True,True,True,False,True,True,True,False,True,True,False,True,True,True,True,False,True,False
36,苹果地图据称是指导滑雪旅行的情侣在山区未铺砌的道路上,228,1个,2019-02-01,夸林,描述：据称，在洛杉矶附近，Apple Maps 将一对在山区滑雪的夫妇引导到一条出城的非常规路线，司机发现自己迷路了，被困在雪中未铺砌的道路上。,,,False,False,Potential hazard with zero or negligible risk,Potential hazard with zero or negligible risk,False,Potential hazard with zero or negligible risk,False,False,False,False,False,Potential hazard with zero or negligible risk,False,True,Routine or Significant Potential Damage,True,True,True,True,True,Routine or Significant Potential Damage,True,True,False,False,False,False,True,True,True,True,False,False,True,True,False,True,True,True,True,False,False,False,True,False,True
37,自动驾驶的 Model 3 特斯拉在佛罗里达州撞上一辆卡车，司机死亡,230,1个,2019-03-01,夸林,描述：在佛罗里达州，一辆处于自动驾驶模式的 Model 3 Tesla 撞上了一辆牵引拖车，导致 50 岁的司机死亡。,,,False,False,Potential hazard with zero or negligible risk,Potential hazard with zero or negligible risk,False,Potential hazard with zero or negligible risk,False,False,False,False,False,Potential hazard with zero or negligible risk,False,True,Unsustainable Potential Damage,False,False,True,True,True,Unsustainable Potential Damage,True,True,False,False,False,False,True,True,True,True,True,False,True,True,False,True,True,False,False,False,False,False,False,False,True
38,一辆特斯拉在中国高速公路上撞死一名扫路车,231,4个,2016-01-20,夸林,描述：一辆特斯拉 Model S 在中国邯郸附近的高速公路上与一辆扫路车相撞并撞死，特斯拉此前表示无法确定事故发生时 Autopilot 是否正在运行。,,,False,False,Potential hazard with zero or negligible risk,Potential hazard with zero or negligible risk,False,Potential hazard with zero or negligible risk,False,False,False,False,False,Potential hazard with zero or negligible risk,False,True,Unsustainable Potential Damage,False,False,True,True,True,Unsustainable Potential Damage,True,True,False,False,False,False,True,True,True,True,True,False,True,True,False,True,True,False,False,False,False,False,False,False,True
39,自动驾驶的特斯拉 Model X 错过了停放的车辆和行人，在日本杀死了摩托车手,232,4个,2018-04-29,夸林,描述：据报道，在日本神奈川，一辆在自动驾驶仪上运行的特斯拉 Model X 未能识别停在其路径上的摩托车、行人和货车，并撞倒了一名摩托车手，该摩托车手之前在他的摩托车组成员发生事故时停下来。,,,False,False,Potential hazard with zero or negligible risk,Potential hazard with zero or negligible risk,False,Potential hazard with zero or negligible risk,False,False,False,False,False,Potential hazard with zero or negligible risk,False,True,Unsustainable Potential Damage,False,False,True,True,True,Unsustainable Potential Damage,True,True,False,False,False,False,True,True,True,True,True,False,True,True,False,True,True,False,False,True,True,True,False,True,False
40,据称 Waze 经常引导司机穿过 Los Gatos 镇，阻塞了其唯一的野火逃生路线,234,2个,2019-09-06,夸林,描述：Los Gatos 镇居民指责 Waze 应用程序涉嫌让周末去海滩的司机穿过他们的社区，从而导致高野火危险风险，在发生医疗紧急情况或野火时有效地切断了他们唯一的逃生路线。,,,False,False,Potential hazard with zero or negligible risk,Potential hazard with zero or negligible risk,False,Potential hazard with zero or negligible risk,False,False,False,False,False,Potential hazard with zero or negligible risk,False,True,Routine or Significant Potential Damage,True,False,True,False,False,Potential hazard with zero or negligible risk,True,False,True,False,False,False,True,True,False,False,False,True,True,True,True,False,False,False,False,False,False,False,True,False,True
41,据称 Cruise 的自动驾驶汽车与他们的服务器失去连接，导致旧金山交通堵塞,253,4个,2022-05-18,夸林,描述：视频显示 Cruise 的自动驾驶汽车停在路中间，并在旧金山造成堵塞，据称由于与公司服务器失去连接而被禁用。,,,False,False,Potential hazard with zero or negligible risk,Potential hazard with zero or negligible risk,False,Potential hazard with zero or negligible risk,False,False,False,False,False,Potential hazard with zero or negligible risk,False,False,Potential hazard with zero or negligible risk,False,False,False,True,True,Routine or Significant Potential Damage,True,False,True,False,True,False,True,True,False,True,False,False,True,True,False,True,False,False,False,True,True,True,False,True,False
42,动物收容所部署的机器人在其办公室外的人行道上巡逻，驱散旧金山的无家可归者,261,8个,2017-11-15,夸林,描述：防止虐待动物协会 (SPCA) 部署了一个 Knightscope 机器人在其办公室外的区域自动巡逻并驱赶无家可归的人，这被居民批评为恐吓工具，并被旧金山市命令停止在公共通行权上使用。,,,True,False,Potential hazard with zero or negligible risk,Potential hazard with zero or negligible risk,True,Routine or Significant Potential Damage,True,True,True,True,False,Routine or Significant Potential Damage,True,False,Potential hazard with zero or negligible risk,False,False,False,False,False,Potential hazard with zero or negligible risk,True,False,True,False,False,False,True,False,False,True,True,False,False,False,True,False,True,False,False,True,True,True,False,True,False
43,自动驾驶的特斯拉 Model 3 轿车在犹他州的追尾事故中杀死了摩托车手,271,3个,2022-07-24,夸林,描述：一辆在自动驾驶模式下运行的特斯拉 Model 3 在犹他州的州际公路上撞上了一辆哈雷戴维森摩托车的后部，将骑手从摩托车上甩下来并当场死亡。,,,False,False,Potential hazard with zero or negligible risk,Potential hazard with zero or negligible risk,False,Potential hazard with zero or negligible risk,False,,False,False,False,Potential hazard with zero or negligible risk,False,True,Unsustainable Potential Damage,True,False,True,True,True,Routine or Significant Potential Damage,True,True,False,False,False,False,True,True,True,False,False,True,True,True,False,True,False,False,False,True,True,False,True,True,False
44,Grab 调整匹配算法，为在附属汽车租赁服务注册的司机提供优惠待遇,272,3个,2019-10-08,夸林,描述：Grab Indonesia 因不公平地偏袒通过 Grab 附属公司 Teknologi Pengangkutan Indonesia (TPI) 租车的司机而被印度尼西亚竞争委员会 (KPPU) 罚款，包括通过他们的配对算法提供更多乘车服务。,,,True,False,Potential hazard with zero or negligible risk,Potential hazard with zero or negligible risk,True,some potential damage,False,True,False,True,False,some potential damage,False,False,Potential hazard with zero or negligible risk,False,False,,True,False,some potential damage,True,False,True,False,False,False,True,False,True,True,True,False,False,False,True,False,False,False,False,True,True,True,False,True,False
45,Starship 送货机器人磨损了德克萨斯州居民汽车的保险杠，据称拒绝发布事故录像,289,2个,2020-06-15,夸林,描述：在得克萨斯州弗里斯科，一个 Starship 送餐机器人撞上了一辆在红绿灯十字路口等候的车辆的前保险杠，据报道该公司拒绝发布这段视频。,,,False,False,Potential hazard with zero or negligible risk,Potential hazard with zero or negligible risk,False,Potential hazard with zero or negligible risk,False,False,False,False,False,Potential hazard with zero or negligible risk,,False,Potential hazard with zero or negligible risk,False,False,False,True,False,some potential damage,True,True,False,False,False,False,True,True,False,False,False,False,True,True,True,False,False,False,False,True,True,True,False,True,False
46,据报道，苹果的 AV 在硅谷试驾中难以驾驭街道,292,3个,2021-09-01,夸林,描述：据报道，苹果公司的自动驾驶汽车在公司硅谷总部附近的道路试驾期间，在穿过十字路口后撞上了路边，并努力保持在自己的车道上。,,,False,False,Potential hazard with zero or negligible risk,Potential hazard with zero or negligible risk,False,Potential hazard with zero or negligible risk,False,False,False,False,False,Potential hazard with zero or negligible risk,False,True,some potential damage,False,True,True,True,False,some potential damage,True,True,False,False,False,False,True,True,True,False,False,False,True,True,True,True,False,False,False,True,True,True,False,True,False
47,Cruise 的自动驾驶汽车在旧金山十字路口卷入多人受伤事故,293,7,2022-06-03,夸林,描述：一辆 Cruise 自动驾驶汽车在旧金山的一个十字路口左转，在一辆相反方向行驶的丰田普锐斯前方发生撞车事故，导致两辆车内的乘客受伤。,,,False,False,Potential hazard with zero or negligible risk,Potential hazard with zero or negligible risk,False,Potential hazard with zero or negligible risk,False,False,False,False,False,Potential hazard with zero or negligible risk,False,True,serious potential Damage,True,False,True,True,True,Routine or Significant Potential Damage,True,True,False,False,False,False,True,False,True,False,False,False,True,True,True,True,False,False,False,True,True,True,False,True,False
48,据称特斯拉自动驾驶仪在希腊发生的非致命碰撞中发生故障,294,4个,2018-05-26,夸林,描述：特斯拉 Model 3 司机称 Autopilot 出现意外故障，在没有警告的情况下右转并撞上希腊塞萨洛尼基附近的道路分隔线，导致其车轮和车门受损，但没有造成司机受伤。,,,False,False,Potential hazard with zero or negligible risk,Potential hazard with zero or negligible risk,False,Potential hazard with zero or negligible risk,False,False,False,False,False,Potential hazard with zero or negligible risk,False,True,some potential damage,False,True,True,True,True,some potential damage,True,True,False,False,False,False,True,False,False,True,False,False,False,False,True,True,True,False,False,True,False,False,False,True,False
49,EasyMile 自动驾驶班车意外停在中途，一名乘客受伤,297,3个,2020-02-20,夸林,描述：Smart Columbus 在林登街区部署的一辆自动驾驶班车意外停在街上，导致一名妇女从座位上跌落在地。,,,False,False,Potential hazard with zero or negligible risk,Potential hazard with zero or negligible risk,False,Potential hazard with zero or negligible risk,False,False,False,False,False,Potential hazard with zero or negligible risk,False,True,serious potential Damage,False,True,True,False,False,Potential hazard with zero or negligible risk,True,True,False,False,True,False,True,False,True,True,False,False,False,False,True,True,True,False,False,True,True,True,False,True,False
50,据报道，FSD 上的特斯拉在加州开错了车道,304,1个,2021-11-03,夸林,描述：一辆处于全自动驾驶 (FSD) 模式的特斯拉 Model Y 在左转后驶入错误的车道，尽管据称其驾驶员试图超车，导致与另一辆在错误车道上行驶的车辆发生非致命碰撞。加利福尼亚州布雷亚。,,,False,False,Potential hazard with zero or negligible risk,Potential hazard with zero or negligible risk,False,Potential hazard with zero or negligible risk,False,False,False,False,False,Potential hazard with zero or negligible risk,False,True,Routine or Significant Potential Damage,False,False,True,True,False,Routine or Significant Potential Damage,True,True,False,False,False,False,True,True,False,False,False,True,True,True,True,True,False,False,False,True,True,True,False,True,False
51,特斯拉自动驾驶 TACC 在欧洲高速公路上撞上货车,306,3个,2016-05-26,夸林,描述：在一段视频中，一辆使用 Autopilot 的交通感知巡航控制 (TACC) 功能运行的 Tesla Model S 的司机在交通繁忙的欧洲高速公路上撞上一辆停放的面包车，导致汽车前部受损。,,,False,False,Potential hazard with zero or negligible risk,Potential hazard with zero or negligible risk,False,Potential hazard with zero or negligible risk,False,False,False,False,False,Potential hazard with zero or negligible risk,False,True,Routine or Significant Potential Damage,False,True,True,True,False,Routine or Significant Potential Damage,True,True,False,False,True,False,True,True,False,False,False,False,True,True,False,True,True,False,False,True,True,True,False,True,False
52,Atlas 机器人在大会上摔下舞台,308,2个,2017-07-03,夸林,描述：波士顿动力公司的自主机器人阿特拉斯据称在未来科技领袖大会上被舞台灯绊倒，导致从舞台上摔下来。,,,False,False,Potential hazard with zero or negligible risk,Potential hazard with zero or negligible risk,False,Potential hazard with zero or negligible risk,False,False,False,False,False,Potential hazard with zero or negligible risk,False,False,Potential hazard with zero or negligible risk,False,False,False,True,False,some potential damage,False,False,False,False,False,False,True,True,False,False,False,False,False,False,True,True,False,False,False,True,True,True,False,True,False
53,特斯拉自动驾驶仪在印第安纳州撞上停放的消防车致死,319,5个,2019-12-29,夸林,描述：一辆处于自动驾驶模式的特斯拉在印第安纳州的州际公路上未能看到一辆停放的消防车并撞向其尾部，导致一名亚利桑那州妇女死亡。,,,False,False,Potential hazard with zero or negligible risk,Potential hazard with zero or negligible risk,False,Potential hazard with zero or negligible risk,False,False,False,False,False,Potential hazard with zero or negligible risk,False,True,Unsustainable Potential Damage,True,False,True,True,True,Unsustainable Potential Damage,True,True,False,False,True,False,True,True,False,False,False,True,True,True,True,True,False,False,False,True,True,True,False,True,False
54,自动驾驶的特斯拉在加州高速公路上与停放的消防车相撞,320,4个,2018-01-22,夸林,描述：在加利福尼亚州卡尔弗城的高速公路上，一辆以自动驾驶模式运行的特斯拉 Model S 撞上了一辆停放的消防车的后部，发生了非致命碰撞。,,,False,False,Potential hazard with zero or negligible risk,Potential hazard with zero or negligible risk,False,Potential hazard with zero or negligible risk,False,False,False,False,False,Potential hazard with zero or negligible risk,False,True,Routine or Significant Potential Damage,True,False,True,True,True,Routine or Significant Potential Damage,True,True,False,False,True,False,True,True,False,False,False,True,True,True,True,True,False,False,False,True,True,True,False,True,False
55,自动驾驶仪上的特斯拉 Model X 撞上加州高速公路护栏，导致司机死亡,321,12,2018-03-23,夸林,描述：据称，在加利福尼亚州山景城，一辆使用自动驾驶仪的交通感知巡航控制系统 (TACC) 和自动转向系统运行的特斯拉 Model X P100D 在高速公路上加速超过限速，并直接撞向障碍物，导致司机死亡。,,,False,False,Potential hazard with zero or negligible risk,Potential hazard with zero or negligible risk,False,Potential hazard with zero or negligible risk,False,False,False,False,False,Potential hazard with zero or negligible risk,False,True,Unsustainable Potential Damage,True,False,True,True,True,Unsustainable Potential Damage,True,True,False,False,True,False,True,True,False,False,False,True,True,True,True,True,False,False,False,False,False,False,True,False,True
56,特斯拉 Model 3 在康涅狄格州高速公路上撞上警察巡逻车,322,2个,2019-12-07,夸林,描述：在康涅狄格州诺沃克的州际公路上，一辆自动驾驶的特斯拉 Model 3 撞上一辆停着的巡逻警察的汽车，警察停下来协助一名被困的驾车者。,,,False,False,Potential hazard with zero or negligible risk,Potential hazard with zero or negligible risk,False,Potential hazard with zero or negligible risk,False,False,False,False,False,Potential hazard with zero or negligible risk,False,True,Routine or Significant Potential Damage,True,False,True,True,True,Routine or Significant Potential Damage,True,True,False,False,True,False,True,True,False,False,False,True,True,True,True,True,False,False,False,False,False,False,True,False,True
57,自动驾驶的特斯拉在加利福尼亚撞上了停放的警车,323,4个,2018-05-29,夸林,描述：在加利福尼亚州拉古纳海滩，一辆处于自动驾驶模式的特斯拉轿车与一辆停在拉古纳海滩警察局的汽车相撞，导致司机受轻伤。,,,False,False,Potential hazard with zero or negligible risk,Potential hazard with zero or negligible risk,False,Potential hazard with zero or negligible risk,False,False,False,False,False,Potential hazard with zero or negligible risk,False,True,Routine or Significant Potential Damage,True,False,True,True,True,Routine or Significant Potential Damage,True,True,False,False,True,False,True,True,False,False,False,True,True,True,True,True,False,False,False,True,True,True,False,True,False
58,自动驾驶仪上的特斯拉在州际公路上撞毁了停在密歇根州的警车,333,6个,2021-03-17,夸林,描述：在密歇根州伊顿县，一辆自动驾驶的特斯拉 Model Y 与一辆停着的密歇根州警察 (MSP) 的汽车相撞，该车的应急灯亮着，但没有人受伤。,,,False,False,Potential hazard with zero or negligible risk,Potential hazard with zero or negligible risk,False,Potential hazard with zero or negligible risk,False,False,False,False,False,Potential hazard with zero or negligible risk,False,True,Routine or Significant Potential Damage,True,True,True,True,False,Routine or Significant Potential Damage,True,True,False,False,True,False,True,False,True,False,False,True,True,True,True,True,False,False,False,True,True,True,False,True,False
59,英国签证简化算法据称存在基于国籍的歧视,335,8个,2015-03-01,夸林,描述：英国内政部评估签证申请风险的算法明确考虑了国籍，据称导致候选人面临更多审查和歧视。,,,True,False,Potential hazard with zero or negligible risk,Potential hazard with zero or negligible risk,True,Routine or Significant Potential Damage,False,False,False,False,False,Potential hazard with zero or negligible risk,False,False,Potential hazard with zero or negligible risk,False,False,False,False,False,Potential hazard with zero or negligible risk,True,False,True,False,True,False,True,False,True,False,False,False,True,True,True,True,False,False,False,True,True,True,False,True,False
60,据报道，英国内政部的虚假婚姻检测算法不成比例地标记了某些民族,336,4个,2015-03-01,夸林,描述：英国内政部用于检测假结婚的不透明算法将某些国籍标记为比其他国籍更多的调查对象，引发了人们对基于国籍和年龄的歧视的担忧。,,,True,False,Potential hazard with zero or negligible risk,Potential hazard with zero or negligible risk,True,Routine or Significant Potential Damage,False,True,False,True,False,Routine or Significant Potential Damage,True,False,Potential hazard with zero or negligible risk,False,False,False,False,False,Potential hazard with zero or negligible risk,True,False,True,False,True,False,True,False,True,False,True,True,True,True,True,True,False,True,True,True,True,True,False,True,False
61,ACC 上的特斯拉 Model S 在德克萨斯州撞树，造成两人死亡,337,9,2021-04-17,夸林,描述：据报道，一辆 2019 款特斯拉 Model S 在自适应巡航控制系统 (ACC) 下高速行驶，然后在得克萨斯州斯普林斯的伍德兰兹附近撞上一棵树，造成两人死亡。,,,False,False,Potential hazard with zero or negligible risk,Potential hazard with zero or negligible risk,False,Potential hazard with zero or negligible risk,False,False,False,False,False,Potential hazard with zero or negligible risk,False,True,Unsustainable Potential Damage,False,False,True,True,False,Unsustainable Potential Damage,True,True,False,False,True,False,True,False,True,False,False,True,True,True,True,True,False,False,False,True,True,True,False,True,False
62,据称本田的 CMBS 误报导致客户发生事故,340,1个,2017-02-01,夸林,描述：据称，本田的碰撞缓解制动系统 (CMBS) 由于经常出现错误的障碍物检测而导致消费者发生事故。,,,False,False,Potential hazard with zero or negligible risk,Potential hazard with zero or negligible risk,False,Potential hazard with zero or negligible risk,False,False,False,False,False,Potential hazard with zero or negligible risk,False,True,serious potential Damage,True,False,True,True,True,serious potential Damage,True,False,True,False,False,False,True,True,False,True,False,True,True,True,True,True,False,False,False,False,False,False,True,False,True
63,日产的“自动紧急制动”误报给司机带来交通风险,341,5个,2017-04-06,夸林,描述：日产的自动紧急制动 (AEB) 功能在一系列误报和突然制动行为的投诉中被报道，危及车内乘员和交通参与者。,,,False,False,Potential hazard with zero or negligible risk,Potential hazard with zero or negligible risk,False,Potential hazard with zero or negligible risk,False,False,False,False,False,Potential hazard with zero or negligible risk,False,True,serious potential Damage,True,False,True,False,False,Potential hazard with zero or negligible risk,True,False,True,False,False,False,True,True,False,True,False,True,True,True,True,True,False,False,False,True,True,True,False,True,False
64,Waymo 自动驾驶出租车行为异常，远离支持人员,347,3个,2021-05-06,夸林,描述：视频显示，一辆 Waymo 自动驾驶出租车载着一名乘客滞留在亚利桑那州的一条道路上，突然从该公司的路边救援人员身边开走，最后被困在更远的路上。,,,False,False,Potential hazard with zero or negligible risk,Potential hazard with zero or negligible risk,False,Potential hazard with zero or negligible risk,False,False,False,False,False,Potential hazard with zero or negligible risk,False,True,Routine or Significant Potential Damage,False,True,True,True,False,Routine or Significant Potential Damage,True,True,False,False,True,False,True,True,False,True,False,False,True,True,False,True,True,False,False,True,True,True,False,True,False
65,自动驾驶的特斯拉在佛罗里达州撞上拖车，司机死亡,353,4个,2019-03-01,夸林,描述：一名特斯拉 Model 3 司机在佛罗里达州高速公路上撞上拖拉机拖车的下腹部前几秒打开了自动驾驶仪，导致特斯拉司机死亡。,,,False,False,Potential hazard with zero or negligible risk,Potential hazard with zero or negligible risk,False,Potential hazard with zero or negligible risk,False,False,False,False,False,Potential hazard with zero or negligible risk,False,True,Unsustainable Potential Damage,True,False,True,True,True,Unsustainable Potential Damage,True,True,False,False,False,False,True,True,False,True,False,True,True,True,True,True,False,False,False,True,True,True,False,True,False
66,优步涉嫌违反 GDPR，未能就司机的自动分析提供足够的通知,354,5个,2020-06-20,夸林,描述：Uber 在一项诉讼中被指控提供了不完整的有关自动决策和司机分析的通知，例如有关他们的驾驶行为和电话使用的信息。,,,True,True,Routine or Significant Potential Damage,Routine or Significant Potential Damage,False,Potential hazard with zero or negligible risk,False,False,False,False,False,Potential hazard with zero or negligible risk,False,False,Potential hazard with zero or negligible risk,False,False,False,False,False,Potential hazard with zero or negligible risk,True,False,True,False,False,False,False,False,False,False,True,False,False,False,True,False,True,False,False,False,False,False,False,True,False
67,优步涉嫌通过自动化系统错误地指控司机欺诈,355,4个,2018-07-07,夸林,描述：优步在一场诉讼中被指控错误地指控其在英国和葡萄牙的司机通过自动化系统进行欺诈活动，导致他们被解雇，无权上诉。,,,False,False,Potential hazard with zero or negligible risk,Potential hazard with zero or negligible risk,False,Potential hazard with zero or negligible risk,False,True,False,True,True,Routine or Significant Potential Damage,True,False,Potential hazard with zero or negligible risk,False,False,False,True,True,serious potential Damage,True,False,True,False,False,False,True,True,False,True,False,False,True,True,True,True,False,False,False,True,True,True,False,True,False
68,TuSimple 卡车驶入州际高速公路分水岭,378,2个,2022-04-06,肖恩麦格雷戈,描述：一辆由后备司机驾驶的 TuSimple 自动驾驶卡车按照过时的指令顺序行驶，突然转向州际高速公路的中央分水岭。,,,False,False,Potential hazard with zero or negligible risk,Potential hazard with zero or negligible risk,False,Potential hazard with zero or negligible risk,False,False,False,False,False,Potential hazard with zero or negligible risk,False,True,some potential damage,False,True,True,True,True,some potential damage,True,True,False,False,True,False,True,True,False,False,False,True,False,True,True,True,False,False,False,True,True,True,False,True,False
69,自动 Roborace 汽车直接撞墙,381,1个,2020-10-29,夸林,描述：在 Season Beta 1.1 比赛的第一轮中，一辆自动驾驶的 Roborace 汽车撞墙了。,,,False,False,Potential hazard with zero or negligible risk,Potential hazard with zero or negligible risk,False,Potential hazard with zero or negligible risk,False,False,False,False,False,Potential hazard with zero or negligible risk,False,True,some potential damage,False,True,True,True,True,Routine or Significant Potential Damage,True,True,False,False,False,False,True,True,False,False,True,True,True,True,True,True,False,False,False,True,True,True,False,True,False
70,巡航自动驾驶汽车拦截消防车应对紧急情况,389,3个,2022-04-05,夸林,描述：旧金山一辆应对火灾的消防车被一辆停在对面车道上的自动驾驶 Cruise 汽车挡住，无法通过一辆并排停放的垃圾车，这辆 Cruise 汽车原地不动，没有倒车清理车道。,,,False,False,Potential hazard with zero or negligible risk,Potential hazard with zero or negligible risk,False,Potential hazard with zero or negligible risk,False,False,False,False,False,Potential hazard with zero or negligible risk,False,True,some potential damage,False,False,True,True,False,some potential damage,True,True,False,False,True,False,True,True,False,False,True,True,True,True,False,True,False,False,False,False,False,False,False,False,True
71,特斯拉自动驾驶仪错误识别路上的马车,398,3个,2022-08-15,夸林,描述：Tesla Autopilot 的计算机视觉系统在一段视频中出现，将马车误认为其他交通工具，例如卡车、汽车和跟随汽车的人。,,,False,False,Potential hazard with zero or negligible risk,Potential hazard with zero or negligible risk,False,Potential hazard with zero or negligible risk,False,False,False,False,False,Potential hazard with zero or negligible risk,False,False,Potential hazard with zero or negligible risk,False,False,False,False,False,Potential hazard with zero or negligible risk,False,False,False,False,False,False,True,True,True,False,True,True,True,True,False,True,False,False,False,False,False,False,False,True,True
72,小鹏P7自动导航辅助驾驶山东撞车,426,1个,2022-09-23,夸林,内容简介：一辆小鹏P7在山东某高速公路上与一辆卡车相撞，驾驶NGP模式自动导航辅助驾驶系统的小鹏P7与一辆货车相撞，造成司机轻伤。,,,False,False,Potential hazard with zero or negligible risk,Potential hazard with zero or negligible risk,False,Potential hazard with zero or negligible risk,False,False,False,False,False,Potential hazard with zero or negligible risk,False,True,Routine or Significant Potential Damage,True,True,True,True,True,Routine or Significant Potential Damage,True,True,False,False,False,False,True,True,False,False,False,False,True,True,True,True,False,False,False,False,False,False,True,False,True
73,邮轮出租车的突然刹车据称将人们置于危险之中,427,3个,2022-03-15,夸林,描述：Cruise 的自动驾驶出租车突然减速、刹车并从后面被撞，据称成为意想不到的道路障碍物，可能使乘客和其他人处于危险之中。,,,False,False,Potential hazard with zero or negligible risk,Potential hazard with zero or negligible risk,False,Potential hazard with zero or negligible risk,False,False,False,False,False,Potential hazard with zero or negligible risk,False,True,Routine or Significant Potential Damage,True,True,True,True,True,Routine or Significant Potential Damage,True,True,False,False,False,False,True,True,False,False,False,False,True,True,True,True,False,False,False,False,False,False,True,False,True
74,特斯拉自驾模式突然刹车 多车连环隧道,434,7,2022-11-24,夸林,描述：一名特斯拉司机声称全自动驾驶 (FSD) 意外制动是导致旧金山发生八辆汽车相撞事故的原因，该事故导致九人受轻伤。,,,False,False,Potential hazard with zero or negligible risk,Potential hazard with zero or negligible risk,False,Potential hazard with zero or negligible risk,False,False,False,False,False,Potential hazard with zero or negligible risk,False,True,Routine or Significant Potential Damage,True,True,True,True,True,some potential damage,True,False,True,False,False,False,True,True,True,False,False,True,True,True,True,True,False,False,False,False,False,False,True,False,True
75,特斯拉司机在德国睡着之前将汽车置于自动驾驶状态,436,9,2022-12-28,夸林,描述：一名特斯拉司机在德国班贝格附近的高速公路上睡着了，他在激活了他的车辆的自动驾驶模式后睡着了，该模式没有回应警方试图将其靠边停车的尝试。,,,False,False,Potential hazard with zero or negligible risk,Potential hazard with zero or negligible risk,False,Potential hazard with zero or negligible risk,False,False,False,False,False,Potential hazard with zero or negligible risk,False,True,serious potential Damage,False,False,False,False,False,Potential hazard with zero or negligible risk,True,True,False,False,False,False,True,False,False,True,False,False,False,False,True,True,True,False,False,False,False,False,True,False,True
76,据报道，特斯拉 FSD 增加了撞车风险，促使召回,478,13,2016-09-09,夸林,描述：监管机构认为特斯拉全自动驾驶系统的一个组件会增加撞车风险，例如超速或非法或不可预测地通过十字路口，导致召回数十万辆汽车。,,,False,False,Potential hazard with zero or negligible risk,Potential hazard with zero or negligible risk,False,Potential hazard with zero or negligible risk,False,False,False,False,False,Potential hazard with zero or negligible risk,False,True,some potential damage,True,False,False,True,True,some potential damage,True,False,False,True,False,False,True,False,True,False,True,False,False,False,False,False,False,False,False,False,False,False,True,False,True
77,PredPol 的预测警务偏差,54,17,2015-11-18,肖恩麦格雷戈,描述：旨在通过预测未来犯罪来帮助执法的预测性警务算法显示出有偏见的输出迹象。,旨在通过预测未来犯罪来帮助执法的预测性警务算法显示出有偏见的输出迹象。奥克兰（加利福尼亚州）警察局使用的 PredPol 和芝加哥警察局使用的战略主题列表是 2015 年和 2016 年的研究主题，显示了他们对“低收入、少数民族社区”的偏见。这些街区将受到警察部门的更多关注，预计该地区的犯罪活动会更加普遍。值得注意的是，奥克兰警察局使用 2010 年的毒品犯罪记录作为训练系统的基线。,旨在通过预测未来犯罪来帮助执法的预测性警务算法显示出有偏见的输出迹象。,True,False,Potential hazard with zero or negligible risk,Potential hazard with zero or negligible risk,True,Routine or Significant Potential Damage,True,True,True,True,True,Routine or Significant Potential Damage,True,False,Potential hazard with zero or negligible risk,False,False,False,False,False,Potential hazard with zero or negligible risk,True,False,True,False,False,True,True,True,True,True,True,True,True,True,False,False,False,False,False,False,False,False,True,False,True
78,Pokémon Go 是种族主义者吗？该应用程序如何重新定义有色人种社区,73,8个,2016-03-01,肖恩·麦格雷戈，柯林,描述：通过 2016 年的众包社交媒体活动，一些记者和研究人员证明，流行的智能手机游戏 Pokemon Go 中的增强现实位置更有可能位于白人社区。,2016 年，多个消息来源表明，流行的智能手机游戏 Pokemon Go 中的增强现实位置更有可能位于白人社区。环境记者奥拉·博加多 (Aura Bogado) 首先注意到她所在的洛杉矶社区存在偏见，通过她发起的社交媒体活动，研究人员和记者在美国各地复制了她的结果。游戏创作者 Niantic Labs 透露，Pokemon Go 地图源自之前的一款增强现实游戏 Ingress。 Ingress 从用户那里众包其地图，这些用户往往是年轻、男性、白人和讲英语的人。,通过 2016 年的众包社交媒体活动，一些记者和研究人员证明，流行的智能手机游戏 Pokemon Go 中的增强现实位置更有可能位于白人社区。,True,False,Potential hazard with zero or negligible risk,Potential hazard with zero or negligible risk,True,some potential damage,True,True,True,True,False,Routine or Significant Potential Damage,False,False,Potential hazard with zero or negligible risk,False,False,False,True,False,some potential damage,True,False,True,False,False,False,True,True,False,False,False,False,False,True,False,True,False,False,False,False,False,False,True,False,True
79,警察部门称 ShotSpotter 不可靠且浪费资源,112,12,2012-10-09,肖恩·麦格雷戈，柯林,描述：警察部门报告说，定位枪击的 ShotSpotter 算法系统包含高误报率和浪费警察资源，促使其停止使用。,,,True,True,some potential damage,some potential damage,False,Potential hazard with zero or negligible risk,False,False,False,False,False,Potential hazard with zero or negligible risk,False,False,Potential hazard with zero or negligible risk,False,False,False,True,True,some potential damage,False,False,False,False,True,False,False,False,False,False,True,True,True,True,False,False,False,False,False,True,False,False,True,False,True
80,司法部的累犯风险算法模式据称导致了种族间的持续差异,154,1个,2022-01-26,肖恩·麦格雷戈，柯林,描述：据报道，司法部的囚犯再犯风险评估工具产生了种族不均衡的结果，对有色人种囚犯的风险等级进行了错误分类。,,,True,False,Potential hazard with zero or negligible risk,Potential hazard with zero or negligible risk,True,serious potential Damage,True,True,True,False,False,serious potential Damage,True,False,Potential hazard with zero or negligible risk,False,False,False,False,False,Potential hazard with zero or negligible risk,True,False,True,False,True,False,True,True,False,True,False,True,True,True,False,True,False,False,False,False,False,False,True,True,False
81,据报道，Facebook 的广告投放排除了种族和性别界限的受众,161,3个,2019-04-03,肖恩·麦格雷戈，柯林,描述：据称，Facebook 的住房和就业广告投放过程导致一些用户在性别和种族认同等人口统计方面出现偏差。,,,False,False,Potential hazard with zero or negligible risk,Potential hazard with zero or negligible risk,True,Routine or Significant Potential Damage,False,True,False,True,False,Routine or Significant Potential Damage,True,False,Potential hazard with zero or negligible risk,False,False,False,False,False,Potential hazard with zero or negligible risk,True,False,True,False,False,False,True,True,False,True,False,True,True,True,False,True,False,False,False,False,False,False,False,False,True
82,Airbnb可信度算法被指无故封禁用户，歧视性工作者,183,6个,2017-07-01,肖恩·麦格雷戈，柯林,描述：据称 Airbnb 考虑了有关用户的公开可用数据，以通过对人格和行为特征的算法评估来衡量他们的可信度，从而导致对性工作者的不明原因的禁令和歧视性禁令。,,,True,True,Routine or Significant Potential Damage,serious potential Damage,True,Routine or Significant Potential Damage,False,True,False,True,True,Routine or Significant Potential Damage,False,False,Potential hazard with zero or negligible risk,False,False,False,False,False,Potential hazard with zero or negligible risk,True,True,False,False,True,False,True,True,True,False,True,True,True,False,True,False,True,False,False,False,False,False,False,False,True
83,佛罗里达州警长办公室的预测性警务计划据称侵犯了居民的权利并将弱势群体的儿童作为目标,195,12,2015-09-01,肖恩·麦格雷戈，柯林,描述：帕斯科县治安官办公室推出的以情报为主导的警务模式据称是基于有缺陷的科学和有偏见的数据开发的，这些数据还包含敏感信息和学生的不相关属性，批评者称这些数据具有歧视性。,,,True,True,Routine or Significant Potential Damage,Routine or Significant Potential Damage,True,serious potential Damage,True,True,True,False,False,serious potential Damage,True,False,Potential hazard with zero or negligible risk,False,False,False,False,False,Potential hazard with zero or negligible risk,True,False,True,False,True,False,True,True,True,True,True,True,True,True,False,True,False,False,False,False,False,False,True,False,True
84,知乎的一名中国技术人员据称通过辞职风险预测算法被解雇,204,4个,2022-02-11,夸林,描述：据称，中国大型问答平台知乎的一名员工被解雇是由于使用了一种行为感知算法，该算法声称可以根据员工的在线足迹（例如浏览历史和内部交流）来预测其离职风险。,,,True,True,serious potential Damage,serious potential Damage,False,Potential hazard with zero or negligible risk,False,False,False,False,False,Potential hazard with zero or negligible risk,False,False,Potential hazard with zero or negligible risk,False,False,False,True,True,Routine or Significant Potential Damage,True,False,True,False,True,False,True,False,True,True,True,True,False,False,True,False,True,False,False,False,False,False,True,False,True
85,据报道，Facebook 的政治广告检测错误率高且地域分布不均,213,5个,2020-07-01,夸林,描述：研究人员发现 Facebook 的政治广告检测性能不精确，错误率在不同国家/地区不均衡，并且不足以防止系统性违反政治广告政策的行为。,,,False,False,Potential hazard with zero or negligible risk,Potential hazard with zero or negligible risk,False,Potential hazard with zero or negligible risk,False,True,False,True,False,some potential damage,True,False,Potential hazard with zero or negligible risk,False,False,False,False,False,Potential hazard with zero or negligible risk,True,False,False,True,True,False,True,False,True,True,False,False,False,False,False,True,False,False,False,False,False,False,True,False,True
86,据报道，警方在有色人种社区不成比例地部署了 ShotSpotter 传感器,257,4个,2012-05-04,夸林,描述：警察部门不成比例地将 ShotSpotter 传感器放置在黑色和棕色社区，社区谴责这种做法涉嫌造成危险情况，例如涉及 Adam Toledo 死亡的情况。,,,True,True,Routine or Significant Potential Damage,some potential damage,True,Unsustainable Potential Damage,True,True,True,False,True,Unsustainable Potential Damage,True,False,Potential hazard with zero or negligible risk,False,False,False,False,False,Potential hazard with zero or negligible risk,True,False,True,False,False,False,False,False,False,False,False,False,False,False,True,False,False,False,False,False,False,False,True,False,True
